RESPONDENT_ID,QUESTION_ID,ANSWER
CSCS30001,0,4
CSCS30001,1,4
CSCS30001,2,4
CSCS30001,3,3
CSCS30001,4,3
CSCS30001,5,5
CSCS30001,6,5
CSCS30001,7,4
CSCS30001,8,5
CSCS30001,9,4
CSCS30001,10,5
CSCS30001,11,3
CSCS30002,0,4
CSCS30002,1,4
CSCS30002,2,4
CSCS30002,3,2
CSCS30002,4,3
CSCS30002,5,5
CSCS30002,6,5
CSCS30002,7,3
CSCS30002,8,3
CSCS30002,9,3
CSCS30002,10,4
CSCS30002,11,1
CSCS30003,0,1
CSCS30003,1,1
CSCS30003,2,1
CSCS30003,3,1
CSCS30003,4,1
CSCS30003,5,1
CSCS30003,6,1
CSCS30003,7,1
CSCS30003,8,1
CSCS30003,9,1
CSCS30003,10,1
CSCS30003,11,1
CSCS30004,0,4
CSCS30004,1,4
CSCS30004,2,4
CSCS30004,3,4
CSCS30004,4,4
CSCS30004,5,4
CSCS30004,6,4
CSCS30004,7,4
CSCS30004,8,4
CSCS30004,9,3
CSCS30004,10,2
CSCS30004,11,1
CSCS30005,0,3
CSCS30005,1,2
CSCS30005,2,5
CSCS30005,3,3
CSCS30005,4,3
CSCS30005,5,5
CSCS30005,6,3
CSCS30005,7,2
CSCS30005,8,4
CSCS30005,9,3
CSCS30005,10,1
CSCS30005,11,1
CSCS30006,0,4
CSCS30006,1,3
CSCS30006,2,4
CSCS30006,3,3
CSCS30006,4,4
CSCS30006,5,4
CSCS30006,6,4
CSCS30006,7,4
CSCS30006,8,4
CSCS30006,9,4
CSCS30006,10,3
CSCS30006,11,4
CSCS10001,0,4
CSCS10001,1,4
CSCS10001,2,5
CSCS10001,3,3
CSCS10001,4,3
CSCS10001,5,4
CSCS10001,6,4
CSCS10001,7,3
CSCS10001,8,5
CSCS10001,9,3
CSCS10001,10,3
CSCS10001,11,1
CSCS20001,0,4
CSCS20001,1,4
CSCS20001,2,3
CSCS20001,3,5
CSCS20001,4,2
CSCS20001,5,5
CSCS20001,6,4
CSCS20001,7,3
CSCS20001,8,3
CSCS20001,9,2
CSCS20001,10,4
CSCS20001,11,3
CSCS10002,0,4
CSCS10002,1,4
CSCS10002,2,4
CSCS10002,3,4
CSCS10002,4,4
CSCS10002,5,4
CSCS10002,6,4
CSCS10002,7,4
CSCS10002,8,4
CSCS10002,9,4
CSCS10002,10,4
CSCS10002,11,3
CSCS30007,0,4
CSCS30007,1,3
CSCS30007,2,4
CSCS30007,3,3
CSCS30007,4,4
CSCS30007,5,5
CSCS30007,6,4
CSCS30007,7,5
CSCS30007,8,4
CSCS30007,9,4
CSCS30007,10,4
CSCS30007,11,2
CSCS20002,0,5
CSCS20002,1,5
CSCS20002,2,5
CSCS20002,3,5
CSCS20002,4,5
CSCS20002,5,5
CSCS20002,6,5
CSCS20002,7,5
CSCS20002,8,5
CSCS20002,9,5
CSCS20002,10,4
CSCS20002,11,1
CSCS10003,0,4
CSCS10003,1,4
CSCS10003,2,4
CSCS10003,3,4
CSCS10003,4,5
CSCS10003,5,5
CSCS10003,6,5
CSCS10003,7,5
CSCS10003,8,5
CSCS10003,9,5
CSCS10003,10,5
CSCS10003,11,3
CSCS30008,0,4
CSCS30008,1,5
CSCS30008,2,4
CSCS30008,3,4
CSCS30008,4,4
CSCS30008,5,5
CSCS30008,6,5
CSCS30008,7,3
CSCS30008,8,4
CSCS30008,9,4
CSCS30008,10,4
CSCS30008,11,4
CSCS10004,0,4
CSCS10004,1,4
CSCS10004,2,5
CSCS10004,3,4
CSCS10004,4,3
CSCS10004,5,5
CSCS10004,6,4
CSCS10004,7,1
CSCS10004,8,3
CSCS10004,9,2
CSCS10004,10,5
CSCS10004,11,5
CSCS20003,0,2
CSCS20003,1,2
CSCS20003,2,3
CSCS20003,3,1
CSCS20003,4,4
CSCS20003,5,5
CSCS20003,6,5
CSCS20003,7,5
CSCS20003,8,4
CSCS20003,9,3
CSCS20003,10,4
CSCS20003,11,1
CSCS10005,0,2
CSCS10005,1,2
CSCS10005,2,2
CSCS10005,3,2
CSCS10005,4,2
CSCS10005,5,3
CSCS10005,6,2
CSCS10005,7,3
CSCS10005,8,3
CSCS10005,9,2
CSCS10005,10,3
CSCS10005,11,3
CSCS30009,0,3
CSCS30009,1,3
CSCS30009,2,4
CSCS30009,3,3
CSCS30009,4,4
CSCS30009,5,4
CSCS30009,6,5
CSCS30009,7,4
CSCS30009,8,4
CSCS30009,9,3
CSCS30009,10,4
CSCS30009,11,4
CSCS20004,0,3
CSCS20004,1,4
CSCS20004,2,5
CSCS20004,3,3
CSCS20004,4,4
CSCS20004,5,5
CSCS20004,6,3
CSCS20004,7,3
CSCS20004,8,3
CSCS20004,9,4
CSCS20004,10,4
CSCS20004,11,2
CSCS10006,0,4
CSCS10006,1,3
CSCS10006,2,4
CSCS10006,3,5
CSCS10006,4,4
CSCS10006,5,4
CSCS10006,6,3
CSCS10006,7,3
CSCS10006,8,4
CSCS10006,9,5
CSCS10006,10,4
CSCS10006,11,4
CSCS30010,0,4
CSCS30010,1,4
CSCS30010,2,4
CSCS30010,3,5
CSCS30010,4,5
CSCS30010,5,5
CSCS30010,6,4
CSCS30010,7,1
CSCS30010,8,3
CSCS30010,9,3
CSCS30010,10,1
CSCS30010,11,1
CSCS10007,0,3
CSCS10007,1,4
CSCS10007,2,4
CSCS10007,3,3
CSCS10007,4,4
CSCS10007,5,4
CSCS10007,6,4
CSCS10007,7,4
CSCS10007,8,4
CSCS10007,9,4
CSCS10007,10,3
CSCS10007,11,4
CTHM10001,0,1
CTHM10001,1,4
CTHM10001,2,2
CTHM10001,3,2
CTHM10001,4,3
CTHM10001,5,5
CTHM10001,6,4
CTHM10001,7,2
CTHM10001,8,4
CTHM10001,9,1
CTHM10001,10,5
CTHM10001,11,2
CSCS20021,0,4
CSCS20021,1,5
CSCS20021,2,5
CSCS20021,3,4
CSCS20021,4,4
CSCS20021,5,4
CSCS20021,6,5
CSCS20021,7,1
CSCS20021,8,4
CSCS20021,9,3
CSCS20021,10,1
CSCS20021,11,3
CTHM10002,0,5
CTHM10002,1,4
CTHM10002,2,4
CTHM10002,3,5
CTHM10002,4,4
CTHM10002,5,4
CTHM10002,6,4
CTHM10002,7,4
CTHM10002,8,5
CTHM10002,9,4
CTHM10002,10,5
CTHM10002,11,1
CTHM10003,0,5
CTHM10003,1,5
CTHM10003,2,5
CTHM10003,3,5
CTHM10003,4,5
CTHM10003,5,5
CTHM10003,6,5
CTHM10003,7,5
CTHM10003,8,5
CTHM10003,9,5
CTHM10003,10,5
CTHM10003,11,5
CSCS20005,0,5
CSCS20005,1,5
CSCS20005,2,5
CSCS20005,3,4
CSCS20005,4,5
CSCS20005,5,5
CSCS20005,6,4
CSCS20005,7,4
CSCS20005,8,5
CSCS20005,9,4
CSCS20005,10,4
CSCS20005,11,3
CSCS20022,0,3
CSCS20022,1,4
CSCS20022,2,4
CSCS20022,3,2
CSCS20022,4,4
CSCS20022,5,5
CSCS20022,6,5
CSCS20022,7,3
CSCS20022,8,4
CSCS20022,9,4
CSCS20022,10,4
CSCS20022,11,2
CSCS10008,0,4
CSCS10008,1,4
CSCS10008,2,3
CSCS10008,3,3
CSCS10008,4,4
CSCS10008,5,5
CSCS10008,6,5
CSCS10008,7,3
CSCS10008,8,4
CSCS10008,9,2
CSCS10008,10,4
CSCS10008,11,3
CSCS30011,0,3
CSCS30011,1,3
CSCS30011,2,3
CSCS30011,3,5
CSCS30011,4,5
CSCS30011,5,4
CSCS30011,6,4
CSCS30011,7,3
CSCS30011,8,3
CSCS30011,9,1
CSCS30011,10,2
CSCS30011,11,1
CTHM10004,0,5
CTHM10004,1,4
CTHM10004,2,3
CTHM10004,3,5
CTHM10004,4,2
CTHM10004,5,2
CTHM10004,6,2
CTHM10004,7,3
CTHM10004,8,3
CTHM10004,9,5
CTHM10004,10,2
CTHM10004,11,5
CSCS20006,0,3
CSCS20006,1,2
CSCS20006,2,2
CSCS20006,3,3
CSCS20006,4,2
CSCS20006,5,2
CSCS20006,6,2
CSCS20006,7,2
CSCS20006,8,2
CSCS20006,9,4
CSCS20006,10,3
CSCS20006,11,3
CSCS10009,0,4
CSCS10009,1,3
CSCS10009,2,4
CSCS10009,3,4
CSCS10009,4,5
CSCS10009,5,5
CSCS10009,6,5
CSCS10009,7,4
CSCS10009,8,5
CSCS10009,9,4
CSCS10009,10,3
CSCS10009,11,4
CTHM10005,0,5
CTHM10005,1,5
CTHM10005,2,5
CTHM10005,3,4
CTHM10005,4,5
CTHM10005,5,5
CTHM10005,6,5
CTHM10005,7,5
CTHM10005,8,4
CTHM10005,9,5
CTHM10005,10,4
CTHM10005,11,3
CSCS,0,5
CSCS,1,5
CSCS,2,5
CSCS,3,4
CSCS,4,5
CSCS,5,5
CSCS,6,5
CSCS,7,5
CSCS,8,5
CSCS,9,4
CSCS,10,4
CSCS,11,2
CTHM10006,0,4
CTHM10006,1,5
CTHM10006,2,2
CTHM10006,3,1
CTHM10006,4,1
CTHM10006,5,5
CTHM10006,6,5
CTHM10006,7,1
CTHM10006,8,1
CTHM10006,9,1
CTHM10006,10,1
CTHM10006,11,5
CSCS10010,0,5
CSCS10010,1,4
CSCS10010,2,5
CSCS10010,3,5
CSCS10010,4,5
CSCS10010,5,5
CSCS10010,6,5
CSCS10010,7,5
CSCS10010,8,4
CSCS10010,9,4
CSCS10010,10,4
CSCS10010,11,1
CSCS20007,0,4
CSCS20007,1,5
CSCS20007,2,4
CSCS20007,3,3
CSCS20007,4,4
CSCS20007,5,5
CSCS20007,6,5
CSCS20007,7,4
CSCS20007,8,5
CSCS20007,9,4
CSCS20007,10,3
CSCS20007,11,2
CSCS20024,0,3
CSCS20024,1,3
CSCS20024,2,3
CSCS20024,3,3
CSCS20024,4,3
CSCS20024,5,3
CSCS20024,6,3
CSCS20024,7,3
CSCS20024,8,3
CSCS20024,9,3
CSCS20024,10,3
CSCS20024,11,3
CTHM10007,0,3
CTHM10007,1,3
CTHM10007,2,5
CTHM10007,3,3
CTHM10007,4,4
CTHM10007,5,4
CTHM10007,6,4
CTHM10007,7,4
CTHM10007,8,5
CTHM10007,9,4
CTHM10007,10,3
CTHM10007,11,3
CSCS20008,0,4
CSCS20008,1,5
CSCS20008,2,4
CSCS20008,3,4
CSCS20008,4,4
CSCS20008,5,5
CSCS20008,6,5
CSCS20008,7,3
CSCS20008,8,4
CSCS20008,9,4
CSCS20008,10,3
CSCS20008,11,3
CSCS10011,0,4
CSCS10011,1,5
CSCS10011,2,5
CSCS10011,3,3
CSCS10011,4,5
CSCS10011,5,5
CSCS10011,6,5
CSCS10011,7,4
CSCS10011,8,5
CSCS10011,9,5
CSCS10011,10,4
CSCS10011,11,5
CTHM10008,0,5
CTHM10008,1,5
CTHM10008,2,4
CTHM10008,3,4
CTHM10008,4,3
CTHM10008,5,5
CTHM10008,6,5
CTHM10008,7,3
CTHM10008,8,5
CTHM10008,9,3
CTHM10008,10,4
CTHM10008,11,3
CSCS20009,0,5
CSCS20009,1,5
CSCS20009,2,5
CSCS20009,3,5
CSCS20009,4,5
CSCS20009,5,5
CSCS20009,6,5
CSCS20009,7,5
CSCS20009,8,5
CSCS20009,9,5
CSCS20009,10,5
CSCS20009,11,1
CSCS20025,0,5
CSCS20025,1,5
CSCS20025,2,5
CSCS20025,3,5
CSCS20025,4,5
CSCS20025,5,5
CSCS20025,6,5
CSCS20025,7,4
CSCS20025,8,5
CSCS20025,9,5
CSCS20025,10,3
CSCS20025,11,1
CSCS10012,0,4
CSCS10012,1,5
CSCS10012,2,5
CSCS10012,3,4
CSCS10012,4,5
CSCS10012,5,5
CSCS10012,6,5
CSCS10012,7,5
CSCS10012,8,5
CSCS10012,9,5
CSCS10012,10,3
CSCS10012,11,2
CTHM10009,0,3
CTHM10009,1,3
CTHM10009,2,3
CTHM10009,3,3
CTHM10009,4,3
CTHM10009,5,3
CTHM10009,6,3
CTHM10009,7,3
CTHM10009,8,3
CTHM10009,9,3
CTHM10009,10,3
CTHM10009,11,3
CSCS20010,0,5
CSCS20010,1,5
CSCS20010,2,5
CSCS20010,3,5
CSCS20010,4,5
CSCS20010,5,5
CSCS20010,6,5
CSCS20010,7,5
CSCS20010,8,5
CSCS20010,9,5
CSCS20010,10,4
CSCS20010,11,2
CSCS20026,0,3
CSCS20026,1,4
CSCS20026,2,4
CSCS20026,3,2
CSCS20026,4,3
CSCS20026,5,4
CSCS20026,6,5
CSCS20026,7,4
CSCS20026,8,4
CSCS20026,9,3
CSCS20026,10,3
CSCS20026,11,3
CTHM10010,0,5
CTHM10010,1,5
CTHM10010,2,5
CTHM10010,3,5
CTHM10010,4,5
CTHM10010,5,5
CTHM10010,6,5
CTHM10010,7,5
CTHM10010,8,5
CTHM10010,9,5
CTHM10010,10,5
CTHM10010,11,5
CSCS20011,0,4
CSCS20011,1,5
CSCS20011,2,3
CSCS20011,3,3
CSCS20011,4,4
CSCS20011,5,5
CSCS20011,6,3
CSCS20011,7,4
CSCS20011,8,5
CSCS20011,9,4
CSCS20011,10,5
CSCS20011,11,4
CSCS10013,0,3
CSCS10013,1,4
CSCS10013,2,3
CSCS10013,3,5
CSCS10013,4,3
CSCS10013,5,3
CSCS10013,6,4
CSCS10013,7,3
CSCS10013,8,3
CSCS10013,9,4
CSCS10013,10,2
CSCS10013,11,1
CTHM10011,0,5
CTHM10011,1,5
CTHM10011,2,5
CTHM10011,3,5
CTHM10011,4,5
CTHM10011,5,5
CTHM10011,6,5
CTHM10011,7,5
CTHM10011,8,5
CTHM10011,9,5
CTHM10011,10,5
CTHM10011,11,5
CSCS20027,0,5
CSCS20027,1,5
CSCS20027,2,5
CSCS20027,3,5
CSCS20027,4,5
CSCS20027,5,5
CSCS20027,6,5
CSCS20027,7,3
CSCS20027,8,5
CSCS20027,9,5
CSCS20027,10,3
CSCS20027,11,1
CSCS20012,0,3
CSCS20012,1,4
CSCS20012,2,4
CSCS20012,3,5
CSCS20012,4,4
CSCS20012,5,4
CSCS20012,6,2
CSCS20012,7,5
CSCS20012,8,1
CSCS20012,9,1
CSCS20012,10,2
CSCS20012,11,4
CSCS10014,0,3
CSCS10014,1,2
CSCS10014,2,1
CSCS10014,3,4
CSCS10014,4,5
CSCS10014,5,4
CSCS10014,6,4
CSCS10014,7,4
CSCS10014,8,4
CSCS10014,9,4
CSCS10014,10,4
CSCS10014,11,4
CTHM10012,0,5
CTHM10012,1,5
CTHM10012,2,5
CTHM10012,3,5
CTHM10012,4,5
CTHM10012,5,5
CTHM10012,6,5
CTHM10012,7,5
CTHM10012,8,5
CTHM10012,9,5
CTHM10012,10,5
CTHM10012,11,1
CSCS20028,0,3
CSCS20028,1,3
CSCS20028,2,3
CSCS20028,3,3
CSCS20028,4,3
CSCS20028,5,3
CSCS20028,6,3
CSCS20028,7,2
CSCS20028,8,4
CSCS20028,9,3
CSCS20028,10,3
CSCS20028,11,3
CSCS20013,0,4
CSCS20013,1,4
CSCS20013,2,4
CSCS20013,3,3
CSCS20013,4,4
CSCS20013,5,5
CSCS20013,6,5
CSCS20013,7,4
CSCS20013,8,5
CSCS20013,9,3
CSCS20013,10,5
CSCS20013,11,1
CTHM10013,0,3
CTHM10013,1,2
CTHM10013,2,2
CTHM10013,3,2
CTHM10013,4,1
CTHM10013,5,1
CTHM10013,6,1
CTHM10013,7,2
CTHM10013,8,1
CTHM10013,9,3
CTHM10013,10,2
CTHM10013,11,3
CSCS20029,0,4
CSCS20029,1,5
CSCS20029,2,5
CSCS20029,3,4
CSCS20029,4,3
CSCS20029,5,5
CSCS20029,6,4
CSCS20029,7,4
CSCS20029,8,5
CSCS20029,9,4
CSCS20029,10,1
CSCS20029,11,1
CTHM20001,0,4
CTHM20001,1,4
CTHM20001,2,4
CTHM20001,3,3
CTHM20001,4,4
CTHM20001,5,4
CTHM20001,6,4
CTHM20001,7,2
CTHM20001,8,4
CTHM20001,9,4
CTHM20001,10,4
CTHM20001,11,3
CSCS20030,0,2
CSCS20030,1,1
CSCS20030,2,2
CSCS20030,3,3
CSCS20030,4,2
CSCS20030,5,2
CSCS20030,6,2
CSCS20030,7,2
CSCS20030,8,2
CSCS20030,9,2
CSCS20030,10,2
CSCS20030,11,1
CTHM20002,0,5
CTHM20002,1,5
CTHM20002,2,4
CTHM20002,3,4
CTHM20002,4,5
CTHM20002,5,5
CTHM20002,6,5
CTHM20002,7,5
CTHM20002,8,5
CTHM20002,9,4
CTHM20002,10,5
CTHM20002,11,5
CTHM20003,0,5
CTHM20003,1,4
CTHM20003,2,5
CTHM20003,3,2
CTHM20003,4,5
CTHM20003,5,5
CTHM20003,6,5
CTHM20003,7,3
CTHM20003,8,5
CTHM20003,9,4
CTHM20003,10,4
CTHM20003,11,3
CSCS20014,0,4
CSCS20014,1,4
CSCS20014,2,4
CSCS20014,3,4
CSCS20014,4,5
CSCS20014,5,5
CSCS20014,6,4
CSCS20014,7,4
CSCS20014,8,4
CSCS20014,9,4
CSCS20014,10,3
CSCS20014,11,4
CSCS10015,0,3
CSCS10015,1,2
CSCS10015,2,1
CSCS10015,3,4
CSCS10015,4,5
CSCS10015,5,4
CSCS10015,6,4
CSCS10015,7,4
CSCS10015,8,4
CSCS10015,9,4
CSCS10015,10,3
CSCS10015,11,3
CSCS20031,0,3
CSCS20031,1,3
CSCS20031,2,4
CSCS20031,3,2
CSCS20031,4,3
CSCS20031,5,4
CSCS20031,6,4
CSCS20031,7,4
CSCS20031,8,3
CSCS20031,9,4
CSCS20031,10,3
CSCS20031,11,2
CTHM20004,0,5
CTHM20004,1,5
CTHM20004,2,5
CTHM20004,3,4
CTHM20004,4,5
CTHM20004,5,5
CTHM20004,6,5
CTHM20004,7,4
CTHM20004,8,5
CTHM20004,9,4
CTHM20004,10,4
CTHM20004,11,3
CSCS20015,0,4
CSCS20015,1,3
CSCS20015,2,2
CSCS20015,3,3
CSCS20015,4,2
CSCS20015,5,3
CSCS20015,6,4
CSCS20015,7,4
CSCS20015,8,4
CSCS20015,9,2
CSCS20015,10,3
CSCS20015,11,3
CTHM20005,0,4
CTHM20005,1,4
CTHM20005,2,4
CTHM20005,3,4
CTHM20005,4,4
CTHM20005,5,5
CTHM20005,6,5
CTHM20005,7,3
CTHM20005,8,5
CTHM20005,9,4
CTHM20005,10,4
CTHM20005,11,4
CSCS10016,0,5
CSCS10016,1,5
CSCS10016,2,5
CSCS10016,3,5
CSCS10016,4,5
CSCS10016,5,5
CSCS10016,6,4
CSCS10016,7,4
CSCS10016,8,5
CSCS10016,9,4
CSCS10016,10,3
CSCS10016,11,1
CSCS20016,0,5
CSCS20016,1,4
CSCS20016,2,5
CSCS20016,3,3
CSCS20016,4,4
CSCS20016,5,5
CSCS20016,6,5
CSCS20016,7,3
CSCS20016,8,4
CSCS20016,9,4
CSCS20016,10,3
CSCS20016,11,2
CTHM20006,0,5
CTHM20006,1,5
CTHM20006,2,5
CTHM20006,3,4
CTHM20006,4,5
CTHM20006,5,5
CTHM20006,6,4
CTHM20006,7,4
CTHM20006,8,5
CTHM20006,9,5
CTHM20006,10,5
CTHM20006,11,4
CSCS10017,0,3
CSCS10017,1,4
CSCS10017,2,4
CSCS10017,3,3
CSCS10017,4,3
CSCS10017,5,5
CSCS10017,6,4
CSCS10017,7,4
CSCS10017,8,5
CSCS10017,9,2
CSCS10017,10,3
CSCS10017,11,2
CSCS20017,0,4
CSCS20017,1,3
CSCS20017,2,3
CSCS20017,3,3
CSCS20017,4,4
CSCS20017,5,4
CSCS20017,6,4
CSCS20017,7,4
CSCS20017,8,4
CSCS20017,9,3
CSCS20017,10,4
CSCS20017,11,3
CSCS20032,0,3
CSCS20032,1,3
CSCS20032,2,4
CSCS20032,3,3
CSCS20032,4,4
CSCS20032,5,4
CSCS20032,6,4
CSCS20032,7,3
CSCS20032,8,4
CSCS20032,9,3
CSCS20032,10,3
CSCS20032,11,1
CTHM20007,0,4
CTHM20007,1,5
CTHM20007,2,5
CTHM20007,3,4
CTHM20007,4,5
CTHM20007,5,5
CTHM20007,6,5
CTHM20007,7,4
CTHM20007,8,4
CTHM20007,9,5
CTHM20007,10,4
CTHM20007,11,3
CSCS30012,0,3
CSCS30012,1,3
CSCS30012,2,4
CSCS30012,3,3
CSCS30012,4,4
CSCS30012,5,4
CSCS30012,6,5
CSCS30012,7,2
CSCS30012,8,4
CSCS30012,9,3
CSCS30012,10,4
CSCS30012,11,2
CSCS10018,0,4
CSCS10018,1,4
CSCS10018,2,4
CSCS10018,3,4
CSCS10018,4,4
CSCS10018,5,5
CSCS10018,6,5
CSCS10018,7,4
CSCS10018,8,5
CSCS10018,9,5
CSCS10018,10,3
CSCS10018,11,1
CTHM20008,0,4
CTHM20008,1,4
CTHM20008,2,4
CTHM20008,3,4
CTHM20008,4,4
CTHM20008,5,5
CTHM20008,6,5
CTHM20008,7,5
CTHM20008,8,5
CTHM20008,9,4
CTHM20008,10,4
CTHM20008,11,5
CSCS20033,0,4
CSCS20033,1,3
CSCS20033,2,4
CSCS20033,3,5
CSCS20033,4,5
CSCS20033,5,5
CSCS20033,6,5
CSCS20033,7,5
CSCS20033,8,4
CSCS20033,9,3
CSCS20033,10,3
CSCS20033,11,1
CSCS30013,0,3
CSCS30013,1,3
CSCS30013,2,3
CSCS30013,3,3
CSCS30013,4,3
CSCS30013,5,3
CSCS30013,6,3
CSCS30013,7,3
CSCS30013,8,3
CSCS30013,9,3
CSCS30013,10,3
CSCS30013,11,3
CTHM20009,0,4
CTHM20009,1,5
CTHM20009,2,4
CTHM20009,3,4
CTHM20009,4,4
CTHM20009,5,5
CTHM20009,6,5
CTHM20009,7,4
CTHM20009,8,4
CTHM20009,9,3
CTHM20009,10,3
CTHM20009,11,3
CSCS10019,0,5
CSCS10019,1,5
CSCS10019,2,4
CSCS10019,3,5
CSCS10019,4,5
CSCS10019,5,5
CSCS10019,6,5
CSCS10019,7,4
CSCS10019,8,4
CSCS10019,9,5
CSCS10019,10,5
CSCS10019,11,4
CSCS20034,0,4
CSCS20034,1,3
CSCS20034,2,4
CSCS20034,3,3
CSCS20034,4,4
CSCS20034,5,4
CSCS20034,6,2
CSCS20034,7,3
CSCS20034,8,3
CSCS20034,9,4
CSCS20034,10,2
CSCS20034,11,1
CSCS20018,0,3
CSCS20018,1,3
CSCS20018,2,4
CSCS20018,3,1
CSCS20018,4,4
CSCS20018,5,4
CSCS20018,6,3
CSCS20018,7,3
CSCS20018,8,4
CSCS20018,9,2
CSCS20018,10,3
CSCS20018,11,4
CSCS30014,0,3
CSCS30014,1,3
CSCS30014,2,3
CSCS30014,3,4
CSCS30014,4,4
CSCS30014,5,4
CSCS30014,6,4
CSCS30014,7,4
CSCS30014,8,3
CSCS30014,9,3
CSCS30014,10,4
CSCS30014,11,3
CSCS10020,0,3
CSCS10020,1,4
CSCS10020,2,4
CSCS10020,3,3
CSCS10020,4,5
CSCS10020,5,5
CSCS10020,6,5
CSCS10020,7,4
CSCS10020,8,4
CSCS10020,9,3
CSCS10020,10,3
CSCS10020,11,1
CTHM20010,0,4
CTHM20010,1,4
CTHM20010,2,3
CTHM20010,3,3
CTHM20010,4,4
CTHM20010,5,4
CTHM20010,6,4
CTHM20010,7,3
CTHM20010,8,4
CTHM20010,9,3
CTHM20010,10,3
CTHM20010,11,3
CSCS20019,0,3
CSCS20019,1,3
CSCS20019,2,3
CSCS20019,3,3
CSCS20019,4,3
CSCS20019,5,3
CSCS20019,6,3
CSCS20019,7,3
CSCS20019,8,3
CSCS20019,9,3
CSCS20019,10,3
CSCS20019,11,3
CSCS30015,0,4
CSCS30015,1,3
CSCS30015,2,3
CSCS30015,3,4
CSCS30015,4,4
CSCS30015,5,4
CSCS30015,6,4
CSCS30015,7,3
CSCS30015,8,3
CSCS30015,9,4
CSCS30015,10,4
CSCS30015,11,3
CSCS20020,0,5
CSCS20020,1,5
CSCS20020,2,5
CSCS20020,3,4
CSCS20020,4,5
CSCS20020,5,5
CSCS20020,6,5
CSCS20020,7,4
CSCS20020,8,5
CSCS20020,9,5
CSCS20020,10,3
CSCS20020,11,4
CSCS10021,0,3
CSCS10021,1,2
CSCS10021,2,4
CSCS10021,3,4
CSCS10021,4,3
CSCS10021,5,4
CSCS10021,6,5
CSCS10021,7,4
CSCS10021,8,5
CSCS10021,9,4
CSCS10021,10,4
CSCS10021,11,4
CTHM20011,0,4
CTHM20011,1,4
CTHM20011,2,5
CTHM20011,3,5
CTHM20011,4,4
CTHM20011,5,5
CTHM20011,6,5
CTHM20011,7,5
CTHM20011,8,4
CTHM20011,9,4
CTHM20011,10,4
CTHM20011,11,3
CSCS30016,0,4
CSCS30016,1,4
CSCS30016,2,4
CSCS30016,3,4
CSCS30016,4,4
CSCS30016,5,4
CSCS30016,6,4
CSCS30016,7,4
CSCS30016,8,4
CSCS30016,9,4
CSCS30016,10,4
CSCS30016,11,4
CSCS20035,0,4
CSCS20035,1,5
CSCS20035,2,5
CSCS20035,3,5
CSCS20035,4,5
CSCS20035,5,5
CSCS20035,6,4
CSCS20035,7,3
CSCS20035,8,4
CSCS20035,9,4
CSCS20035,10,3
CSCS20035,11,2
CTHM20012,0,4
CTHM20012,1,5
CTHM20012,2,5
CTHM20012,3,4
CTHM20012,4,3
CTHM20012,5,4
CTHM20012,6,5
CTHM20012,7,5
CTHM20012,8,5
CTHM20012,9,4
CTHM20012,10,4
CTHM20012,11,3
CTH20039,0,3
CTH20039,1,3
CTH20039,2,3
CTH20039,3,3
CTH20039,4,3
CTH20039,5,3
CTH20039,6,3
CTH20039,7,3
CTH20039,8,3
CTH20039,9,3
CTH20039,10,3
CTH20039,11,3
CTHM20013,0,4
CTHM20013,1,3
CTHM20013,2,3
CTHM20013,3,3
CTHM20013,4,4
CTHM20013,5,5
CTHM20013,6,5
CTHM20013,7,4
CTHM20013,8,5
CTHM20013,9,4
CTHM20013,10,3
CTHM20013,11,3
CSCS20036,0,4
CSCS20036,1,4
CSCS20036,2,4
CSCS20036,3,4
CSCS20036,4,4
CSCS20036,5,4
CSCS20036,6,4
CSCS20036,7,4
CSCS20036,8,4
CSCS20036,9,4
CSCS20036,10,2
CSCS20036,11,3
CSCS10022,0,4
CSCS10022,1,5
CSCS10022,2,4
CSCS10022,3,3
CSCS10022,4,4
CSCS10022,5,5
CSCS10022,6,5
CSCS10022,7,2
CSCS10022,8,5
CSCS10022,9,3
CSCS10022,10,4
CSCS10022,11,1
CSCS30017,0,4
CSCS30017,1,4
CSCS30017,2,4
CSCS30017,3,3
CSCS30017,4,4
CSCS30017,5,5
CSCS30017,6,5
CSCS30017,7,4
CSCS30017,8,5
CSCS30017,9,5
CSCS30017,10,3
CSCS30017,11,4
CSCS20040,0,3
CSCS20040,1,3
CSCS20040,2,2
CSCS20040,3,3
CSCS20040,4,2
CSCS20040,5,3
CSCS20040,6,3
CSCS20040,7,3
CSCS20040,8,4
CSCS20040,9,3
CSCS20040,10,1
CSCS20040,11,3
CSCS10023,0,5
CSCS10023,1,5
CSCS10023,2,5
CSCS10023,3,5
CSCS10023,4,5
CSCS10023,5,5
CSCS10023,6,5
CSCS10023,7,3
CSCS10023,8,4
CSCS10023,9,4
CSCS10023,10,2
CSCS10023,11,1
CSCS20037,0,5
CSCS20037,1,5
CSCS20037,2,5
CSCS20037,3,4
CSCS20037,4,5
CSCS20037,5,5
CSCS20037,6,5
CSCS20037,7,4
CSCS20037,8,5
CSCS20037,9,4
CSCS20037,10,2
CSCS20037,11,1
CSCS30018,0,4
CSCS30018,1,3
CSCS30018,2,4
CSCS30018,3,4
CSCS30018,4,4
CSCS30018,5,3
CSCS30018,6,4
CSCS30018,7,3
CSCS30018,8,4
CSCS30018,9,3
CSCS30018,10,2
CSCS30018,11,3
CTHM30001,0,4
CTHM30001,1,4
CTHM30001,2,4
CTHM30001,3,2
CTHM30001,4,4
CTHM30001,5,4
CTHM30001,6,4
CTHM30001,7,4
CTHM30001,8,4
CTHM30001,9,3
CTHM30001,10,4
CTHM30001,11,4
CSCS20038,0,4
CSCS20038,1,4
CSCS20038,2,4
CSCS20038,3,4
CSCS20038,4,4
CSCS20038,5,4
CSCS20038,6,4
CSCS20038,7,3
CSCS20038,8,4
CSCS20038,9,3
CSCS20038,10,4
CSCS20038,11,4
CTHM30002,0,4
CTHM30002,1,4
CTHM30002,2,4
CTHM30002,3,2
CTHM30002,4,4
CTHM30002,5,5
CTHM30002,6,5
CTHM30002,7,3
CTHM30002,8,5
CTHM30002,9,5
CTHM30002,10,3
CTHM30002,11,4
CSCS30019,0,4
CSCS30019,1,4
CSCS30019,2,4
CSCS30019,3,4
CSCS30019,4,4
CSCS30019,5,5
CSCS30019,6,5
CSCS30019,7,4
CSCS30019,8,5
CSCS30019,9,4
CSCS30019,10,3
CSCS30019,11,1
CSCS40005,0,3
CSCS40005,1,4
CSCS40005,2,3
CSCS40005,3,4
CSCS40005,4,4
CSCS40005,5,3
CSCS40005,6,5
CSCS40005,7,3
CSCS40005,8,4
CSCS40005,9,4
CSCS40005,10,1
CSCS40005,11,1
CTHM30003,0,5
CTHM30003,1,4
CTHM30003,2,4
CTHM30003,3,4
CTHM30003,4,5
CTHM30003,5,5
CTHM30003,6,4
CTHM30003,7,4
CTHM30003,8,4
CTHM30003,9,4
CTHM30003,10,4
CTHM30003,11,4
CSCS40001,0,4
CSCS40001,1,5
CSCS40001,2,5
CSCS40001,3,5
CSCS40001,4,4
CSCS40001,5,4
CSCS40001,6,4
CSCS40001,7,5
CSCS40001,8,5
CSCS40001,9,5
CSCS40001,10,5
CSCS40001,11,5
CSCS40006,0,3
CSCS40006,1,4
CSCS40006,2,4
CSCS40006,3,5
CSCS40006,4,5
CSCS40006,5,4
CSCS40006,6,3
CSCS40006,7,5
CSCS40006,8,5
CSCS40006,9,4
CSCS40006,10,5
CSCS40006,11,4
CSCS30020,0,4
CSCS30020,1,5
CSCS30020,2,4
CSCS30020,3,4
CSCS30020,4,4
CSCS30020,5,5
CSCS30020,6,5
CSCS30020,7,4
CSCS30020,8,5
CSCS30020,9,4
CSCS30020,10,3
CSCS30020,11,3
CTHM30004,0,5
CTHM30004,1,5
CTHM30004,2,5
CTHM30004,3,4
CTHM30004,4,5
CTHM30004,5,5
CTHM30004,6,5
CTHM30004,7,4
CTHM30004,8,3
CTHM30004,9,4
CTHM30004,10,3
CTHM30004,11,3
CSCS40007,0,5
CSCS40007,1,5
CSCS40007,2,5
CSCS40007,3,5
CSCS40007,4,5
CSCS40007,5,5
CSCS40007,6,5
CSCS40007,7,5
CSCS40007,8,5
CSCS40007,9,5
CSCS40007,10,5
CSCS40007,11,1
CTHM30005,0,5
CTHM30005,1,5
CTHM30005,2,3
CTHM30005,3,5
CTHM30005,4,4
CTHM30005,5,5
CTHM30005,6,5
CTHM30005,7,5
CTHM30005,8,5
CTHM30005,9,5
CTHM30005,10,4
CTHM30005,11,4
CSCS30021,0,3
CSCS30021,1,4
CSCS30021,2,4
CSCS30021,3,3
CSCS30021,4,4
CSCS30021,5,4
CSCS30021,6,4
CSCS30021,7,4
CSCS30021,8,4
CSCS30021,9,4
CSCS30021,10,4
CSCS30021,11,4
CTHM30006,0,4
CTHM30006,1,4
CTHM30006,2,4
CTHM30006,3,4
CTHM30006,4,4
CTHM30006,5,5
CTHM30006,6,4
CTHM30006,7,4
CTHM30006,8,5
CTHM30006,9,5
CTHM30006,10,3
CTHM30006,11,3
CSCS40002,0,2
CSCS40002,1,4
CSCS40002,2,3
CSCS40002,3,2
CSCS40002,4,2
CSCS40002,5,3
CSCS40002,6,3
CSCS40002,7,2
CSCS40002,8,3
CSCS40002,9,4
CSCS40002,10,4
CSCS40002,11,2
CSCS30022,0,5
CSCS30022,1,5
CSCS30022,2,5
CSCS30022,3,4
CSCS30022,4,5
CSCS30022,5,5
CSCS30022,6,5
CSCS30022,7,4
CSCS30022,8,5
CSCS30022,9,4
CSCS30022,10,4
CSCS30022,11,4
CSCS20041,0,4
CSCS20041,1,4
CSCS20041,2,5
CSCS20041,3,2
CSCS20041,4,4
CSCS20041,5,4
CSCS20041,6,4
CSCS20041,7,4
CSCS20041,8,4
CSCS20041,9,4
CSCS20041,10,4
CSCS20041,11,3
CTHM30007,0,2
CTHM30007,1,4
CTHM30007,2,5
CTHM30007,3,1
CTHM30007,4,4
CTHM30007,5,4
CTHM30007,6,5
CTHM30007,7,5
CTHM30007,8,5
CTHM30007,9,4
CTHM30007,10,5
CTHM30007,11,3
CSCS10024,0,4
CSCS10024,1,4
CSCS10024,2,4
CSCS10024,3,3
CSCS10024,4,4
CSCS10024,5,4
CSCS10024,6,5
CSCS10024,7,4
CSCS10024,8,4
CSCS10024,9,4
CSCS10024,10,5
CSCS10024,11,3
CSCS40003,0,3
CSCS40003,1,5
CSCS40003,2,5
CSCS40003,3,5
CSCS40003,4,5
CSCS40003,5,5
CSCS40003,6,5
CSCS40003,7,5
CSCS40003,8,5
CSCS40003,9,3
CSCS40003,10,4
CSCS40003,11,1
CTHM30008,0,4
CTHM30008,1,4
CTHM30008,2,5
CTHM30008,3,2
CTHM30008,4,5
CTHM30008,5,5
CTHM30008,6,5
CTHM30008,7,5
CTHM30008,8,5
CTHM30008,9,4
CTHM30008,10,4
CTHM30008,11,2
CSCS30023,0,4
CSCS30023,1,5
CSCS30023,2,5
CSCS30023,3,3
CSCS30023,4,4
CSCS30023,5,4
CSCS30023,6,3
CSCS30023,7,3
CSCS30023,8,5
CSCS30023,9,4
CSCS30023,10,4
CSCS30023,11,3
CSCS20041,0,4
CSCS20041,1,3
CSCS20041,2,3
CSCS20041,3,4
CSCS20041,4,3
CSCS20041,5,4
CSCS20041,6,4
CSCS20041,7,4
CSCS20041,8,4
CSCS20041,9,3
CSCS20041,10,3
CSCS20041,11,4
CTHM30009,0,5
CTHM30009,1,5
CTHM30009,2,5
CTHM30009,3,5
CTHM30009,4,5
CTHM30009,5,5
CTHM30009,6,5
CTHM30009,7,5
CTHM30009,8,5
CTHM30009,9,5
CTHM30009,10,4
CTHM30009,11,5
CSCS20042,0,4
CSCS20042,1,4
CSCS20042,2,4
CSCS20042,3,5
CSCS20042,4,4
CSCS20042,5,4
CSCS20042,6,4
CSCS20042,7,5
CSCS20042,8,4
CSCS20042,9,4
CSCS20042,10,3
CSCS20042,11,4
CSCS40004,0,4
CSCS40004,1,3
CSCS40004,2,4
CSCS40004,3,4
CSCS40004,4,3
CSCS40004,5,4
CSCS40004,6,5
CSCS40004,7,4
CSCS40004,8,5
CSCS40004,9,4
CSCS40004,10,5
CSCS40004,11,1
CTHM40001,0,3
CTHM40001,1,3
CTHM40001,2,3
CTHM40001,3,3
CTHM40001,4,3
CTHM40001,5,3
CTHM40001,6,3
CTHM40001,7,3
CTHM40001,8,3
CTHM40001,9,3
CTHM40001,10,3
CTHM40001,11,3
CSCS30024,0,3
CSCS30024,1,3
CSCS30024,2,3
CSCS30024,3,3
CSCS30024,4,3
CSCS30024,5,3
CSCS30024,6,3
CSCS30024,7,3
CSCS30024,8,3
CSCS30024,9,3
CSCS30024,10,3
CSCS30024,11,2
CSCS10025,0,2
CSCS10025,1,4
CSCS10025,2,5
CSCS10025,3,3
CSCS10025,4,5
CSCS10025,5,4
CSCS10025,6,4
CSCS10025,7,3
CSCS10025,8,4
CSCS10025,9,2
CSCS10025,10,3
CSCS10025,11,2
CSCS30025,0,4
CSCS30025,1,5
CSCS30025,2,5
CSCS30025,3,3
CSCS30025,4,4
CSCS30025,5,4
CSCS30025,6,4
CSCS30025,7,4
CSCS30025,8,4
CSCS30025,9,3
CSCS30025,10,3
CSCS30025,11,3
CTHM40002,0,3
CTHM40002,1,3
CTHM40002,2,3
CTHM40002,3,3
CTHM40002,4,3
CTHM40002,5,3
CTHM40002,6,3
CTHM40002,7,3
CTHM40002,8,3
CTHM40002,9,3
CTHM40002,10,3
CTHM40002,11,3
CTHM40003,0,5
CTHM40003,1,5
CTHM40003,2,5
CTHM40003,3,4
CTHM40003,4,5
CTHM40003,5,5
CTHM40003,6,5
CTHM40003,7,4
CTHM40003,8,5
CTHM40003,9,4
CTHM40003,10,4
CTHM40003,11,4
CSCS30026,0,4
CSCS30026,1,2
CSCS30026,2,3
CSCS30026,3,3
CSCS30026,4,3
CSCS30026,5,2
CSCS30026,6,5
CSCS30026,7,5
CSCS30026,8,5
CSCS30026,9,3
CSCS30026,10,2
CSCS30026,11,1
CSCS10026,0,4
CSCS10026,1,5
CSCS10026,2,4
CSCS10026,3,3
CSCS10026,4,3
CSCS10026,5,4
CSCS10026,6,4
CSCS10026,7,3
CSCS10026,8,3
CSCS10026,9,3
CSCS10026,10,2
CSCS10026,11,1
CSCS30027,0,4
CSCS30027,1,5
CSCS30027,2,5
CSCS30027,3,4
CSCS30027,4,5
CSCS30027,5,5
CSCS30027,6,5
CSCS30027,7,5
CSCS30027,8,5
CSCS30027,9,5
CSCS30027,10,5
CSCS30027,11,3
CSCS10027,0,4
CSCS10027,1,4
CSCS10027,2,5
CSCS10027,3,4
CSCS10027,4,5
CSCS10027,5,5
CSCS10027,6,5
CSCS10027,7,5
CSCS10027,8,5
CSCS10027,9,5
CSCS10027,10,5
CSCS10027,11,5
CSCS30028,0,4
CSCS30028,1,4
CSCS30028,2,3
CSCS30028,3,3
CSCS30028,4,4
CSCS30028,5,5
CSCS30028,6,5
CSCS30028,7,4
CSCS30028,8,5
CSCS30028,9,4
CSCS30028,10,5
CSCS30028,11,3
CSCS30029,0,4
CSCS30029,1,4
CSCS30029,2,3
CSCS30029,3,3
CSCS30029,4,4
CSCS30029,5,5
CSCS30029,6,5
CSCS30029,7,4
CSCS30029,8,3
CSCS30029,9,3
CSCS30029,10,4
CSCS30029,11,5
CSCS30030,0,5
CSCS30030,1,5
CSCS30030,2,5
CSCS30030,3,5
CSCS30030,4,5
CSCS30030,5,5
CSCS30030,6,5
CSCS30030,7,5
CSCS30030,8,5
CSCS30030,9,5
CSCS30030,10,5
CSCS30030,11,4
CSCS30031,0,3
CSCS30031,1,4
CSCS30031,2,4
CSCS30031,3,4
CSCS30031,4,4
CSCS30031,5,4
CSCS30031,6,4
CSCS30031,7,3
CSCS30031,8,5
CSCS30031,9,4
CSCS30031,10,3
CSCS30031,11,1
CSCS30032,0,2
CSCS30032,1,4
CSCS30032,2,3
CSCS30032,3,4
CSCS30032,4,4
CSCS30032,5,4
CSCS30032,6,3
CSCS30032,7,3
CSCS30032,8,3
CSCS30032,9,2
CSCS30032,10,3
CSCS30032,11,2
CSCS30033,0,3
CSCS30033,1,3
CSCS30033,2,4
CSCS30033,3,4
CSCS30033,4,4
CSCS30033,5,4
CSCS30033,6,4
CSCS30033,7,4
CSCS30033,8,3
CSCS30033,9,3
CSCS30033,10,3
CSCS30033,11,3
CSCS30034,0,5
CSCS30034,1,5
CSCS30034,2,5
CSCS30034,3,5
CSCS30034,4,5
CSCS30034,5,5
CSCS30034,6,5
CSCS30034,7,4
CSCS30034,8,5
CSCS30034,9,5
CSCS30034,10,4
CSCS30034,11,5
CSCS30035,0,4
CSCS30035,1,4
CSCS30035,2,4
CSCS30035,3,4
CSCS30035,4,4
CSCS30035,5,4
CSCS30035,6,5
CSCS30035,7,4
CSCS30035,8,5
CSCS30035,9,4
CSCS30035,10,3
CSCS30035,11,4
CSCS30036,0,4
CSCS30036,1,4
CSCS30036,2,4
CSCS30036,3,4
CSCS30036,4,4
CSCS30036,5,4
CSCS30036,6,4
CSCS30036,7,4
CSCS30036,8,4
CSCS30036,9,4
CSCS30036,10,3
CSCS30036,11,3
CSCS30037,0,4
CSCS30037,1,4
CSCS30037,2,4
CSCS30037,3,4
CSCS30037,4,4
CSCS30037,5,4
CSCS30037,6,4
CSCS30037,7,4
CSCS30037,8,4
CSCS30037,9,4
CSCS30037,10,4
CSCS30037,11,4
CSCS30038,0,4
CSCS30038,1,4
CSCS30038,2,4
CSCS30038,3,4
CSCS30038,4,4
CSCS30038,5,4
CSCS30038,6,4
CSCS30038,7,2
CSCS30038,8,2
CSCS30038,9,1
CSCS30038,10,1
CSCS30038,11,3
CSCS30039,0,4
CSCS30039,1,3
CSCS30039,2,4
CSCS30039,3,2
CSCS30039,4,3
CSCS30039,5,4
CSCS30039,6,5
CSCS30039,7,3
CSCS30039,8,4
CSCS30039,9,1
CSCS30039,10,3
CSCS30039,11,3
CLAC10001,0,4
CLAC10001,1,4
CLAC10001,2,5
CLAC10001,3,3
CLAC10001,4,5
CLAC10001,5,5
CLAC10001,6,5
CLAC10001,7,5
CLAC10001,8,4
CLAC10001,9,5
CLAC10001,10,3
CLAC10001,11,4
CSCS30040,0,5
CSCS30040,1,5
CSCS30040,2,5
CSCS30040,3,3
CSCS30040,4,5
CSCS30040,5,5
CSCS30040,6,5
CSCS30040,7,5
CSCS30040,8,5
CSCS30040,9,5
CSCS30040,10,5
CSCS30040,11,1
CLAC10002,0,4
CLAC10002,1,5
CLAC10002,2,4
CLAC10002,3,3
CLAC10002,4,4
CLAC10002,5,4
CLAC10002,6,3
CLAC10002,7,4
CLAC10002,8,5
CLAC10002,9,4
CLAC10002,10,4
CLAC10002,11,5
CSCS30041,0,4
CSCS30041,1,5
CSCS30041,2,5
CSCS30041,3,3
CSCS30041,4,4
CSCS30041,5,5
CSCS30041,6,4
CSCS30041,7,3
CSCS30041,8,4
CSCS30041,9,2
CSCS30041,10,1
CSCS30041,11,1
CLAC10003,0,4
CLAC10003,1,5
CLAC10003,2,5
CLAC10003,3,5
CLAC10003,4,5
CLAC10003,5,5
CLAC10003,6,5
CLAC10003,7,5
CLAC10003,8,5
CLAC10003,9,4
CLAC10003,10,3
CLAC10003,11,2
CLAC10004,0,3
CLAC10004,1,4
CLAC10004,2,4
CLAC10004,3,4
CLAC10004,4,4
CLAC10004,5,5
CLAC10004,6,5
CLAC10004,7,4
CLAC10004,8,4
CLAC10004,9,3
CLAC10004,10,2
CLAC10004,11,2
CLAC10005,0,3
CLAC10005,1,4
CLAC10005,2,3
CLAC10005,3,3
CLAC10005,4,4
CLAC10005,5,4
CLAC10005,6,4
CLAC10005,7,3
CLAC10005,8,4
CLAC10005,9,3
CLAC10005,10,3
CLAC10005,11,3
CLAC10006,0,4
CLAC10006,1,3
CLAC10006,2,4
CLAC10006,3,3
CLAC10006,4,4
CLAC10006,5,5
CLAC10006,6,5
CLAC10006,7,4
CLAC10006,8,4
CLAC10006,9,4
CLAC10006,10,2
CLAC10006,11,2
CLAC10007,0,4
CLAC10007,1,5
CLAC10007,2,5
CLAC10007,3,3
CLAC10007,4,5
CLAC10007,5,5
CLAC10007,6,4
CLAC10007,7,3
CLAC10007,8,4
CLAC10007,9,4
CLAC10007,10,3
CLAC10007,11,2
CLAC10008,0,5
CLAC10008,1,5
CLAC10008,2,5
CLAC10008,3,4
CLAC10008,4,5
CLAC10008,5,5
CLAC10008,6,5
CLAC10008,7,4
CLAC10008,8,5
CLAC10008,9,5
CLAC10008,10,3
CLAC10008,11,4
CLAC20001,0,3
CLAC20001,1,4
CLAC20001,2,5
CLAC20001,3,5
CLAC20001,4,5
CLAC20001,5,5
CLAC20001,6,3
CLAC20001,7,5
CLAC20001,8,4
CLAC20001,9,3
CLAC20001,10,2
CLAC20001,11,4
CLAC20002,0,5
CLAC20002,1,4
CLAC20002,2,5
CLAC20002,3,4
CLAC20002,4,5
CLAC20002,5,5
CLAC20002,6,5
CLAC20002,7,4
CLAC20002,8,4
CLAC20002,9,4
CLAC20002,10,2
CLAC20002,11,1
CLAC20003,0,3
CLAC20003,1,3
CLAC20003,2,3
CLAC20003,3,4
CLAC20003,4,3
CLAC20003,5,3
CLAC20003,6,4
CLAC20003,7,3
CLAC20003,8,4
CLAC20003,9,3
CLAC20003,10,4
CLAC20003,11,4
CLAC20004,0,3
CLAC20004,1,4
CLAC20004,2,3
CLAC20004,3,4
CLAC20004,4,3
CLAC20004,5,3
CLAC20004,6,4
CLAC20004,7,3
CLAC20004,8,3
CLAC20004,9,3
CLAC20004,10,4
CLAC20004,11,4
CLAC20005,0,4
CLAC20005,1,5
CLAC20005,2,5
CLAC20005,3,4
CLAC20005,4,4
CLAC20005,5,5
CLAC20005,6,5
CLAC20005,7,5
CLAC20005,8,5
CLAC20005,9,4
CLAC20005,10,3
CLAC20005,11,1
CLAC20006,0,4
CLAC20006,1,5
CLAC20006,2,5
CLAC20006,3,3
CLAC20006,4,5
CLAC20006,5,5
CLAC20006,6,5
CLAC20006,7,5
CLAC20006,8,5
CLAC20006,9,4
CLAC20006,10,4
CLAC20006,11,1
CTHM20014,0,4
CTHM20014,1,5
CTHM20014,2,5
CTHM20014,3,3
CTHM20014,4,4
CTHM20014,5,5
CTHM20014,6,5
CTHM20014,7,4
CTHM20014,8,5
CTHM20014,9,4
CTHM20014,10,4
CTHM20014,11,3
CLAC20007,0,2
CLAC20007,1,4
CLAC20007,2,4
CLAC20007,3,4
CLAC20007,4,3
CLAC20007,5,5
CLAC20007,6,3
CLAC20007,7,4
CLAC20007,8,2
CLAC20007,9,2
CLAC20007,10,5
CLAC20007,11,1
CTHM20015,0,4
CTHM20015,1,4
CTHM20015,2,5
CTHM20015,3,3
CTHM20015,4,5
CTHM20015,5,5
CTHM20015,6,5
CTHM20015,7,3
CTHM20015,8,5
CTHM20015,9,4
CTHM20015,10,3
CTHM20015,11,3
CLAC20008,0,5
CLAC20008,1,5
CLAC20008,2,5
CLAC20008,3,5
CLAC20008,4,5
CLAC20008,5,5
CLAC20008,6,5
CLAC20008,7,5
CLAC20008,8,5
CLAC20008,9,5
CLAC20008,10,5
CLAC20008,11,5
CTHM20016,0,5
CTHM20016,1,5
CTHM20016,2,5
CTHM20016,3,5
CTHM20016,4,5
CTHM20016,5,5
CTHM20016,6,5
CTHM20016,7,5
CTHM20016,8,5
CTHM20016,9,5
CTHM20016,10,5
CTHM20016,11,5
CTHM20017,0,5
CTHM20017,1,5
CTHM20017,2,5
CTHM20017,3,4
CTHM20017,4,4
CTHM20017,5,5
CTHM20017,6,5
CTHM20017,7,5
CTHM20017,8,5
CTHM20017,9,5
CTHM20017,10,5
CTHM20017,11,3
CLAC20009,0,3
CLAC20009,1,4
CLAC20009,2,3
CLAC20009,3,4
CLAC20009,4,4
CLAC20009,5,4
CLAC20009,6,3
CLAC20009,7,4
CLAC20009,8,3
CLAC20009,9,2
CLAC20009,10,4
CLAC20009,11,1
CLAC30001,0,4
CLAC30001,1,4
CLAC30001,2,4
CLAC30001,3,4
CLAC30001,4,5
CLAC30001,5,4
CLAC30001,6,4
CLAC30001,7,4
CLAC30001,8,4
CLAC30001,9,5
CLAC30001,10,3
CLAC30001,11,3
CTHM20018,0,5
CTHM20018,1,5
CTHM20018,2,5
CTHM20018,3,2
CTHM20018,4,5
CTHM20018,5,5
CTHM20018,6,5
CTHM20018,7,4
CTHM20018,8,5
CTHM20018,9,5
CTHM20018,10,4
CTHM20018,11,1
CLAC20010,0,3
CLAC20010,1,4
CLAC20010,2,5
CLAC20010,3,2
CLAC20010,4,3
CLAC20010,5,4
CLAC20010,6,5
CLAC20010,7,3
CLAC20010,8,3
CLAC20010,9,3
CLAC20010,10,2
CLAC20010,11,1
CLAC40001,0,4
CLAC40001,1,5
CLAC40001,2,4
CLAC40001,3,5
CLAC40001,4,5
CLAC40001,5,4
CLAC40001,6,3
CLAC40001,7,3
CLAC40001,8,4
CLAC40001,9,4
CLAC40001,10,3
CLAC40001,11,1
CTHM20019,0,5
CTHM20019,1,5
CTHM20019,2,5
CTHM20019,3,2
CTHM20019,4,5
CTHM20019,5,5
CTHM20019,6,5
CTHM20019,7,5
CTHM20019,8,5
CTHM20019,9,5
CTHM20019,10,5
CTHM20019,11,4
CLAC30002,0,4
CLAC30002,1,3
CLAC30002,2,4
CLAC30002,3,3
CLAC30002,4,4
CLAC30002,5,4
CLAC30002,6,4
CLAC30002,7,4
CLAC30002,8,4
CLAC30002,9,3
CLAC30002,10,4
CLAC30002,11,2
CLAC20011,0,4
CLAC20011,1,5
CLAC20011,2,5
CLAC20011,3,5
CLAC20011,4,4
CLAC20011,5,5
CLAC20011,6,5
CLAC20011,7,4
CLAC20011,8,5
CLAC20011,9,5
CLAC20011,10,5
CLAC20011,11,3
CLAC40002,0,4
CLAC40002,1,4
CLAC40002,2,4
CLAC40002,3,3
CLAC40002,4,4
CLAC40002,5,4
CLAC40002,6,4
CLAC40002,7,3
CLAC40002,8,4
CLAC40002,9,4
CLAC40002,10,4
CLAC40002,11,3
CLAC30003,0,5
CLAC30003,1,5
CLAC30003,2,5
CLAC30003,3,5
CLAC30003,4,5
CLAC30003,5,5
CLAC30003,6,5
CLAC30003,7,5
CLAC30003,8,5
CLAC30003,9,5
CLAC30003,10,4
CLAC30003,11,1
CLAC20012,0,5
CLAC20012,1,5
CLAC20012,2,5
CLAC20012,3,4
CLAC20012,4,5
CLAC20012,5,5
CLAC20012,6,5
CLAC20012,7,5
CLAC20012,8,4
CLAC20012,9,4
CLAC20012,10,3
CLAC20012,11,2
CLAC30004,0,5
CLAC30004,1,5
CLAC30004,2,5
CLAC30004,3,5
CLAC30004,4,5
CLAC30004,5,5
CLAC30004,6,5
CLAC30004,7,5
CLAC30004,8,5
CLAC30004,9,5
CLAC30004,10,4
CLAC30004,11,1
CLAC20013,0,4
CLAC20013,1,4
CLAC20013,2,4
CLAC20013,3,3
CLAC20013,4,5
CLAC20013,5,5
CLAC20013,6,5
CLAC20013,7,5
CLAC20013,8,5
CLAC20013,9,5
CLAC20013,10,5
CLAC20013,11,3
CTHM20020,0,4
CTHM20020,1,5
CTHM20020,2,4
CTHM20020,3,3
CTHM20020,4,4
CTHM20020,5,5
CTHM20020,6,5
CTHM20020,7,4
CTHM20020,8,5
CTHM20020,9,4
CTHM20020,10,3
CTHM20020,11,3
CLAC40003,0,5
CLAC40003,1,4
CLAC40003,2,5
CLAC40003,3,5
CLAC40003,4,4
CLAC40003,5,5
CLAC40003,6,5
CLAC40003,7,3
CLAC40003,8,5
CLAC40003,9,3
CLAC40003,10,4
CLAC40003,11,3
CLAC30005,0,5
CLAC30005,1,5
CLAC30005,2,5
CLAC30005,3,5
CLAC30005,4,5
CLAC30005,5,5
CLAC30005,6,5
CLAC30005,7,5
CLAC30005,8,5
CLAC30005,9,5
CLAC30005,10,3
CLAC30005,11,1
CLAC40004,0,4
CLAC40004,1,5
CLAC40004,2,5
CLAC40004,3,5
CLAC40004,4,5
CLAC40004,5,5
CLAC40004,6,5
CLAC40004,7,3
CLAC40004,8,5
CLAC40004,9,5
CLAC40004,10,4
CLAC40004,11,4
CLAC20014,0,4
CLAC20014,1,4
CLAC20014,2,4
CLAC20014,3,4
CLAC20014,4,4
CLAC20014,5,5
CLAC20014,6,3
CLAC20014,7,3
CLAC20014,8,3
CLAC20014,9,4
CLAC20014,10,3
CLAC20014,11,3
CLAC30006,0,5
CLAC30006,1,5
CLAC30006,2,5
CLAC30006,3,5
CLAC30006,4,5
CLAC30006,5,5
CLAC30006,6,5
CLAC30006,7,5
CLAC30006,8,5
CLAC30006,9,5
CLAC30006,10,4
CLAC30006,11,1
CLAC40005,0,4
CLAC40005,1,4
CLAC40005,2,3
CLAC40005,3,3
CLAC40005,4,4
CLAC40005,5,4
CLAC40005,6,4
CLAC40005,7,3
CLAC40005,8,3
CLAC40005,9,3
CLAC40005,10,3
CLAC40005,11,2
CLAC20015,0,5
CLAC20015,1,5
CLAC20015,2,5
CLAC20015,3,4
CLAC20015,4,5
CLAC20015,5,5
CLAC20015,6,5
CLAC20015,7,5
CLAC20015,8,5
CLAC20015,9,5
CLAC20015,10,4
CLAC20015,11,2
CLAC40006,0,5
CLAC40006,1,5
CLAC40006,2,5
CLAC40006,3,5
CLAC40006,4,5
CLAC40006,5,5
CLAC40006,6,5
CLAC40006,7,5
CLAC40006,8,5
CLAC40006,9,4
CLAC40006,10,2
CLAC40006,11,1
CLAC30007,0,5
CLAC30007,1,5
CLAC30007,2,3
CLAC30007,3,2
CLAC30007,4,2
CLAC30007,5,4
CLAC30007,6,3
CLAC30007,7,4
CLAC30007,8,3
CLAC30007,9,2
CLAC30007,10,3
CLAC30007,11,4
CTHM20021,0,5
CTHM20021,1,5
CTHM20021,2,4
CTHM20021,3,5
CTHM20021,4,5
CTHM20021,5,5
CTHM20021,6,5
CTHM20021,7,4
CTHM20021,8,4
CTHM20021,9,4
CTHM20021,10,4
CTHM20021,11,3
CLAC20016,0,4
CLAC20016,1,4
CLAC20016,2,4
CLAC20016,3,3
CLAC20016,4,4
CLAC20016,5,4
CLAC20016,6,4
CLAC20016,7,3
CLAC20016,8,4
CLAC20016,9,4
CLAC20016,10,4
CLAC20016,11,3
CTHM20022,0,4
CTHM20022,1,4
CTHM20022,2,5
CTHM20022,3,4
CTHM20022,4,4
CTHM20022,5,5
CTHM20022,6,5
CTHM20022,7,4
CTHM20022,8,4
CTHM20022,9,3
CTHM20022,10,3
CTHM20022,11,3
CLAC30008,0,5
CLAC30008,1,5
CLAC30008,2,5
CLAC30008,3,5
CLAC30008,4,5
CLAC30008,5,5
CLAC30008,6,5
CLAC30008,7,5
CLAC30008,8,5
CLAC30008,9,5
CLAC30008,10,4
CLAC30008,11,1
CLAC20017,0,5
CLAC20017,1,4
CLAC20017,2,5
CLAC20017,3,5
CLAC20017,4,4
CLAC20017,5,5
CLAC20017,6,5
CLAC20017,7,4
CLAC20017,8,3
CLAC20017,9,3
CLAC20017,10,4
CLAC20017,11,4
CLAC30009,0,5
CLAC30009,1,5
CLAC30009,2,5
CLAC30009,3,5
CLAC30009,4,5
CLAC30009,5,5
CLAC30009,6,5
CLAC30009,7,5
CLAC30009,8,5
CLAC30009,9,5
CLAC30009,10,5
CLAC30009,11,5
CTHM20023,0,5
CTHM20023,1,5
CTHM20023,2,5
CTHM20023,3,4
CTHM20023,4,5
CTHM20023,5,5
CTHM20023,6,5
CTHM20023,7,3
CTHM20023,8,5
CTHM20023,9,5
CTHM20023,10,4
CTHM20023,11,3
CLAC40007,0,4
CLAC40007,1,4
CLAC40007,2,5
CLAC40007,3,4
CLAC40007,4,3
CLAC40007,5,4
CLAC40007,6,5
CLAC40007,7,3
CLAC40007,8,3
CLAC40007,9,3
CLAC40007,10,4
CLAC40007,11,4
CTHM20024,0,5
CTHM20024,1,5
CTHM20024,2,5
CTHM20024,3,3
CTHM20024,4,4
CTHM20024,5,5
CTHM20024,6,4
CTHM20024,7,5
CTHM20024,8,5
CTHM20024,9,5
CTHM20024,10,4
CTHM20024,11,3
CLAC20018,0,3
CLAC20018,1,4
CLAC20018,2,4
CLAC20018,3,5
CLAC20018,4,2
CLAC20018,5,2
CLAC20018,6,4
CLAC20018,7,1
CLAC20018,8,5
CLAC20018,9,3
CLAC20018,10,3
CLAC20018,11,5
CLAC30010,0,5
CLAC30010,1,5
CLAC30010,2,5
CLAC30010,3,5
CLAC30010,4,5
CLAC30010,5,5
CLAC30010,6,5
CLAC30010,7,5
CLAC30010,8,5
CLAC30010,9,5
CLAC30010,10,3
CLAC30010,11,1
CTHM20025,0,4
CTHM20025,1,5
CTHM20025,2,5
CTHM20025,3,4
CTHM20025,4,5
CTHM20025,5,5
CTHM20025,6,5
CTHM20025,7,4
CTHM20025,8,5
CTHM20025,9,5
CTHM20025,10,4
CTHM20025,11,3
CLAC40008,0,5
CLAC40008,1,5
CLAC40008,2,5
CLAC40008,3,5
CLAC40008,4,5
CLAC40008,5,5
CLAC40008,6,5
CLAC40008,7,5
CLAC40008,8,5
CLAC40008,9,5
CLAC40008,10,2
CLAC40008,11,2
CTHM20026,0,4
CTHM20026,1,5
CTHM20026,2,5
CTHM20026,3,4
CTHM20026,4,3
CTHM20026,5,5
CTHM20026,6,5
CTHM20026,7,5
CTHM20026,8,4
CTHM20026,9,2
CTHM20026,10,4
CTHM20026,11,3
CTHM10014,0,4
CTHM10014,1,4
CTHM10014,2,5
CTHM10014,3,4
CTHM10014,4,5
CTHM10014,5,5
CTHM10014,6,5
CTHM10014,7,5
CTHM10014,8,5
CTHM10014,9,5
CTHM10014,10,3
CTHM10014,11,5
CTHM20027,0,5
CTHM20027,1,5
CTHM20027,2,5
CTHM20027,3,5
CTHM20027,4,5
CTHM20027,5,5
CTHM20027,6,5
CTHM20027,7,4
CTHM20027,8,5
CTHM20027,9,5
CTHM20027,10,5
CTHM20027,11,4
CLAC40009,0,4
CLAC40009,1,4
CLAC40009,2,4
CLAC40009,3,4
CLAC40009,4,4
CLAC40009,5,5
CLAC40009,6,5
CLAC40009,7,4
CLAC40009,8,5
CLAC40009,9,5
CLAC40009,10,3
CLAC40009,11,2
CTHM20028,0,4
CTHM20028,1,5
CTHM20028,2,4
CTHM20028,3,4
CTHM20028,4,4
CTHM20028,5,5
CTHM20028,6,5
CTHM20028,7,5
CTHM20028,8,5
CTHM20028,9,5
CTHM20028,10,4
CTHM20028,11,2
CTHM10015,0,3
CTHM10015,1,3
CTHM10015,2,4
CTHM10015,3,3
CTHM10015,4,5
CTHM10015,5,5
CTHM10015,6,5
CTHM10015,7,3
CTHM10015,8,5
CTHM10015,9,4
CTHM10015,10,2
CTHM10015,11,2
CLAC40010,0,4
CLAC40010,1,5
CLAC40010,2,5
CLAC40010,3,4
CLAC40010,4,5
CLAC40010,5,5
CLAC40010,6,4
CLAC40010,7,5
CLAC40010,8,5
CLAC40010,9,4
CLAC40010,10,4
CLAC40010,11,3
CTHM20029,0,4
CTHM20029,1,4
CTHM20029,2,4
CTHM20029,3,3
CTHM20029,4,4
CTHM20029,5,5
CTHM20029,6,5
CTHM20029,7,4
CTHM20029,8,5
CTHM20029,9,4
CTHM20029,10,4
CTHM20029,11,4
CTHM10016,0,4
CTHM10016,1,4
CTHM10016,2,4
CTHM10016,3,5
CTHM10016,4,5
CTHM10016,5,5
CTHM10016,6,4
CTHM10016,7,4
CTHM10016,8,4
CTHM10016,9,3
CTHM10016,10,3
CTHM10016,11,3
CTHM20030,0,4
CTHM20030,1,4
CTHM20030,2,4
CTHM20030,3,4
CTHM20030,4,4
CTHM20030,5,4
CTHM20030,6,5
CTHM20030,7,4
CTHM20030,8,5
CTHM20030,9,3
CTHM20030,10,2
CTHM20030,11,1
CTHM30010,0,3
CTHM30010,1,4
CTHM30010,2,5
CTHM30010,3,3
CTHM30010,4,5
CTHM30010,5,4
CTHM30010,6,4
CTHM30010,7,4
CTHM30010,8,3
CTHM30010,9,3
CTHM30010,10,4
CTHM30010,11,3
CTHM30011,0,4
CTHM30011,1,5
CTHM30011,2,5
CTHM30011,3,5
CTHM30011,4,4
CTHM30011,5,4
CTHM30011,6,5
CTHM30011,7,4
CTHM30011,8,4
CTHM30011,9,4
CTHM30011,10,3
CTHM30011,11,5
CTHM30012,0,3
CTHM30012,1,3
CTHM30012,2,3
CTHM30012,3,5
CTHM30012,4,5
CTHM30012,5,5
CTHM30012,6,3
CTHM30012,7,3
CTHM30012,8,3
CTHM30012,9,3
CTHM30012,10,2
CTHM30012,11,1
CTHM30013,0,4
CTHM30013,1,4
CTHM30013,2,4
CTHM30013,3,5
CTHM30013,4,4
CTHM30013,5,5
CTHM30013,6,5
CTHM30013,7,4
CTHM30013,8,5
CTHM30013,9,5
CTHM30013,10,4
CTHM30013,11,4
CTHM30014,0,3
CTHM30014,1,3
CTHM30014,2,2
CTHM30014,3,4
CTHM30014,4,4
CTHM30014,5,4
CTHM30014,6,5
CTHM30014,7,4
CTHM30014,8,5
CTHM30014,9,4
CTHM30014,10,3
CTHM30014,11,4
CTHM30015,0,5
CTHM30015,1,5
CTHM30015,2,5
CTHM30015,3,4
CTHM30015,4,5
CTHM30015,5,5
CTHM30015,6,5
CTHM30015,7,4
CTHM30015,8,5
CTHM30015,9,4
CTHM30015,10,4
CTHM30015,11,4
CTHM30016,0,4
CTHM30016,1,4
CTHM30016,2,5
CTHM30016,3,3
CTHM30016,4,4
CTHM30016,5,4
CTHM30016,6,5
CTHM30016,7,4
CTHM30016,8,5
CTHM30016,9,4
CTHM30016,10,4
CTHM30016,11,3
CTHM30017,0,4
CTHM30017,1,4
CTHM30017,2,4
CTHM30017,3,4
CTHM30017,4,4
CTHM30017,5,4
CTHM30017,6,4
CTHM30017,7,4
CTHM30017,8,4
CTHM30017,9,4
CTHM30017,10,4
CTHM30017,11,4
CTHM30018,0,4
CTHM30018,1,4
CTHM30018,2,4
CTHM30018,3,4
CTHM30018,4,5
CTHM30018,5,5
CTHM30018,6,5
CTHM30018,7,4
CTHM30018,8,5
CTHM30018,9,4
CTHM30018,10,5
CTHM30018,11,4
CTHM30019,0,4
CTHM30019,1,4
CTHM30019,2,3
CTHM30019,3,4
CTHM30019,4,5
CTHM30019,5,5
CTHM30019,6,5
CTHM30019,7,5
CTHM30019,8,5
CTHM30019,9,5
CTHM30019,10,4
CTHM30019,11,3
CTHM30020,0,5
CTHM30020,1,5
CTHM30020,2,5
CTHM30020,3,5
CTHM30020,4,5
CTHM30020,5,5
CTHM30020,6,5
CTHM30020,7,5
CTHM30020,8,5
CTHM30020,9,5
CTHM30020,10,5
CTHM30020,11,5
CTHM30021,0,5
CTHM30021,1,5
CTHM30021,2,5
CTHM30021,3,5
CTHM30021,4,5
CTHM30021,5,5
CTHM30021,6,5
CTHM30021,7,5
CTHM30021,8,5
CTHM30021,9,5
CTHM30021,10,4
CTHM30021,11,3
CTHM30022,0,3
CTHM30022,1,5
CTHM30022,2,5
CTHM30022,3,4
CTHM30022,4,3
CTHM30022,5,4
CTHM30022,6,3
CTHM30022,7,4
CTHM30022,8,2
CTHM30022,9,3
CTHM30022,10,3
CTHM30022,11,4
CTHM30023,0,3
CTHM30023,1,3
CTHM30023,2,3
CTHM30023,3,3
CTHM30023,4,3
CTHM30023,5,3
CTHM30023,6,3
CTHM30023,7,3
CTHM30023,8,3
CTHM30023,9,3
CTHM30023,10,3
CTHM30023,11,3
CTHM30024,0,3
CTHM30024,1,3
CTHM30024,2,3
CTHM30024,3,3
CTHM30024,4,3
CTHM30024,5,3
CTHM30024,6,3
CTHM30024,7,3
CTHM30024,8,3
CTHM30024,9,3
CTHM30024,10,3
CTHM30024,11,3
CLAC10009,0,3
CLAC10009,1,4
CLAC10009,2,4
CLAC10009,3,2
CLAC10009,4,3
CLAC10009,5,4
CLAC10009,6,4
CLAC10009,7,3
CLAC10009,8,4
CLAC10009,9,4
CLAC10009,10,4
CLAC10009,11,1
CLAC10010,0,2
CLAC10010,1,4
CLAC10010,2,4
CLAC10010,3,2
CLAC10010,4,3
CLAC10010,5,4
CLAC10010,6,3
CLAC10010,7,3
CLAC10010,8,4
CLAC10010,9,2
CLAC10010,10,3
CLAC10010,11,2
CLAC20019,0,5
CLAC20019,1,5
CLAC20019,2,5
CLAC20019,3,4
CLAC20019,4,5
CLAC20019,5,5
CLAC20019,6,5
CLAC20019,7,4
CLAC20019,8,5
CLAC20019,9,5
CLAC20019,10,4
CLAC20019,11,4
CLAC20020,0,5
CLAC20020,1,5
CLAC20020,2,5
CLAC20020,3,5
CLAC20020,4,5
CLAC20020,5,5
CLAC20020,6,5
CLAC20020,7,5
CLAC20020,8,5
CLAC20020,9,5
CLAC20020,10,5
CLAC20020,11,3
CLAC20021,0,4
CLAC20021,1,4
CLAC20021,2,4
CLAC20021,3,4
CLAC20021,4,4
CLAC20021,5,5
CLAC20021,6,5
CLAC20021,7,4
CLAC20021,8,4
CLAC20021,9,4
CLAC20021,10,4
CLAC20021,11,2
CLAC30011,0,4
CLAC30011,1,4
CLAC30011,2,4
CLAC30011,3,4
CLAC30011,4,4
CLAC30011,5,5
CLAC30011,6,5
CLAC30011,7,4
CLAC30011,8,5
CLAC30011,9,5
CLAC30011,10,5
CLAC30011,11,3
CLAC30012,0,5
CLAC30012,1,5
CLAC30012,2,5
CLAC30012,3,4
CLAC30012,4,5
CLAC30012,5,5
CLAC30012,6,5
CLAC30012,7,4
CLAC30012,8,5
CLAC30012,9,5
CLAC30012,10,1
CLAC30012,11,1
CLAC30013,0,3
CLAC30013,1,4
CLAC30013,2,4
CLAC30013,3,2
CLAC30013,4,3
CLAC30013,5,4
CLAC30013,6,4
CLAC30013,7,4
CLAC30013,8,4
CLAC30013,9,4
CLAC30013,10,3
CLAC30013,11,1
CLAC30014,0,4
CLAC30014,1,3
CLAC30014,2,4
CLAC30014,3,4
CLAC30014,4,4
CLAC30014,5,4
CLAC30014,6,5
CLAC30014,7,3
CLAC30014,8,4
CLAC30014,9,5
CLAC30014,10,5
CLAC30014,11,3
CLAC40011,0,3
CLAC40011,1,4
CLAC40011,2,4
CLAC40011,3,3
CLAC40011,4,4
CLAC40011,5,3
CLAC40011,6,4
CLAC40011,7,3
CLAC40011,8,4
CLAC40011,9,3
CLAC40011,10,4
CLAC40011,11,3
CLAC40012,0,5
CLAC40012,1,4
CLAC40012,2,4
CLAC40012,3,3
CLAC40012,4,3
CLAC40012,5,5
CLAC40012,6,4
CLAC40012,7,3
CLAC40012,8,4
CLAC40012,9,4
CLAC40012,10,4
CLAC40012,11,1
CLAC40013,0,5
CLAC40013,1,5
CLAC40013,2,4
CLAC40013,3,3
CLAC40013,4,4
CLAC40013,5,5
CLAC40013,6,5
CLAC40013,7,5
CLAC40013,8,4
CLAC40013,9,3
CLAC40013,10,5
CLAC40013,11,3
CLAC40014,0,4
CLAC40014,1,4
CLAC40014,2,3
CLAC40014,3,4
CLAC40014,4,4
CLAC40014,5,5
CLAC40014,6,4
CLAC40014,7,3
CLAC40014,8,4
CLAC40014,9,4
CLAC40014,10,3
CLAC40014,11,1
CLAC30015,0,4
CLAC30015,1,4
CLAC30015,2,4
CLAC30015,3,4
CLAC30015,4,4
CLAC30015,5,4
CLAC30015,6,4
CLAC30015,7,3
CLAC30015,8,4
CLAC30015,9,4
CLAC30015,10,1
CLAC30015,11,1
CLAC10013,0,4
CLAC10013,1,5
CLAC10013,2,5
CLAC10013,3,5
CLAC10013,4,5
CLAC10013,5,5
CLAC10013,6,5
CLAC10013,7,3
CLAC10013,8,5
CLAC10013,9,4
CLAC10013,10,1
CLAC10013,11,1
CLAC10012,0,4
CLAC10012,1,5
CLAC10012,2,5
CLAC10012,3,5
CLAC10012,4,5
CLAC10012,5,5
CLAC10012,6,5
CLAC10012,7,3
CLAC10012,8,4
CLAC10012,9,3
CLAC10012,10,2
CLAC10012,11,3
CLAC10011,0,4
CLAC10011,1,5
CLAC10011,2,5
CLAC10011,3,4
CLAC10011,4,5
CLAC10011,5,5
CLAC10011,6,5
CLAC10011,7,5
CLAC10011,8,5
CLAC10011,9,4
CLAC10011,10,1
CLAC10011,11,1
CLAC20023,0,3
CLAC20023,1,4
CLAC20023,2,5
CLAC20023,3,4
CLAC20023,4,5
CLAC20023,5,5
CLAC20023,6,4
CLAC20023,7,4
CLAC20023,8,4
CLAC20023,9,2
CLAC20023,10,4
CLAC20023,11,2
CLAC20022,0,3
CLAC20022,1,4
CLAC20022,2,5
CLAC20022,3,4
CLAC20022,4,5
CLAC20022,5,5
CLAC20022,6,4
CLAC20022,7,5
CLAC20022,8,5
CLAC20022,9,4
CLAC20022,10,3
CLAC20022,11,2
CTHM20031,0,3
CTHM20031,1,3
CTHM20031,2,4
CTHM20031,3,2
CTHM20031,4,4
CTHM20031,5,4
CTHM20031,6,4
CTHM20031,7,2
CTHM20031,8,4
CTHM20031,9,2
CTHM20031,10,1
CTHM20031,11,2
CLAC20024,0,4
CLAC20024,1,4
CLAC20024,2,3
CLAC20024,3,3
CLAC20024,4,4
CLAC20024,5,4
CLAC20024,6,4
CLAC20024,7,4
CLAC20024,8,4
CLAC20024,9,4
CLAC20024,10,3
CLAC20024,11,3
CTHM10017,0,5
CTHM10017,1,5
CTHM10017,2,5
CTHM10017,3,5
CTHM10017,4,5
CTHM10017,5,5
CTHM10017,6,4
CTHM10017,7,3
CTHM10017,8,4
CTHM10017,9,3
CTHM10017,10,2
CTHM10017,11,1
CTHM10018,0,5
CTHM10018,1,4
CTHM10018,2,5
CTHM10018,3,5
CTHM10018,4,5
CTHM10018,5,5
CTHM10018,6,5
CTHM10018,7,5
CTHM10018,8,5
CTHM10018,9,4
CTHM10018,10,4
CTHM10018,11,4
CTHM10019,0,3
CTHM10019,1,4
CTHM10019,2,2
CTHM10019,3,3
CTHM10019,4,4
CTHM10019,5,5
CTHM10019,6,4
CTHM10019,7,2
CTHM10019,8,4
CTHM10019,9,3
CTHM10019,10,2
CTHM10019,11,2
CTHM10020,0,4
CTHM10020,1,4
CTHM10020,2,4
CTHM10020,3,4
CTHM10020,4,5
CTHM10020,5,5
CTHM10020,6,5
CTHM10020,7,3
CTHM10020,8,5
CTHM10020,9,4
CTHM10020,10,3
CTHM10020,11,3
CTHM10021,0,3
CTHM10021,1,4
CTHM10021,2,4
CTHM10021,3,2
CTHM10021,4,4
CTHM10021,5,4
CTHM10021,6,4
CTHM10021,7,3
CTHM10021,8,4
CTHM10021,9,4
CTHM10021,10,4
CTHM10021,11,2
CTHM10022,0,5
CTHM10022,1,5
CTHM10022,2,5
CTHM10022,3,5
CTHM10022,4,5
CTHM10022,5,5
CTHM10022,6,5
CTHM10022,7,4
CTHM10022,8,5
CTHM10022,9,5
CTHM10022,10,5
CTHM10022,11,1
CTHM10023,0,5
CTHM10023,1,5
CTHM10023,2,4
CTHM10023,3,4
CTHM10023,4,4
CTHM10023,5,5
CTHM10023,6,5
CTHM10023,7,5
CTHM10023,8,5
CTHM10023,9,5
CTHM10023,10,5
CTHM10023,11,3
CLAC10014,0,4
CLAC10014,1,4
CLAC10014,2,5
CLAC10014,3,4
CLAC10014,4,4
CLAC10014,5,5
CLAC10014,6,5
CLAC10014,7,3
CLAC10014,8,4
CLAC10014,9,4
CLAC10014,10,1
CLAC10014,11,4
CTHM10024,0,5
CTHM10024,1,5
CTHM10024,2,5
CTHM10024,3,5
CTHM10024,4,5
CTHM10024,5,5
CTHM10024,6,5
CTHM10024,7,5
CTHM10024,8,5
CTHM10024,9,5
CTHM10024,10,5
CTHM10024,11,5
CLAC10015,0,4
CLAC10015,1,4
CLAC10015,2,5
CLAC10015,3,4
CLAC10015,4,5
CLAC10015,5,5
CLAC10015,6,5
CLAC10015,7,4
CLAC10015,8,5
CLAC10015,9,4
CLAC10015,10,2
CLAC10015,11,2
CTHM10025,0,5
CTHM10025,1,5
CTHM10025,2,5
CTHM10025,3,5
CTHM10025,4,5
CTHM10025,5,5
CTHM10025,6,5
CTHM10025,7,5
CTHM10025,8,5
CTHM10025,9,5
CTHM10025,10,5
CTHM10025,11,5
CLAC10016,0,4
CLAC10016,1,4
CLAC10016,2,4
CLAC10016,3,3
CLAC10016,4,4
CLAC10016,5,5
CLAC10016,6,5
CLAC10016,7,4
CLAC10016,8,5
CLAC10016,9,4
CLAC10016,10,4
CLAC10016,11,1
CTHM10026,0,5
CTHM10026,1,5
CTHM10026,2,5
CTHM10026,3,5
CTHM10026,4,5
CTHM10026,5,5
CTHM10026,6,5
CTHM10026,7,5
CTHM10026,8,5
CTHM10026,9,5
CTHM10026,10,5
CTHM10026,11,5
CLAC10017,0,5
CLAC10017,1,4
CLAC10017,2,5
CLAC10017,3,5
CLAC10017,4,5
CLAC10017,5,5
CLAC10017,6,5
CLAC10017,7,4
CLAC10017,8,5
CLAC10017,9,4
CLAC10017,10,1
CLAC10017,11,1
CLAC10018,0,4
CLAC10018,1,4
CLAC10018,2,3
CLAC10018,3,4
CLAC10018,4,5
CLAC10018,5,3
CLAC10018,6,4
CLAC10018,7,3
CLAC10018,8,3
CLAC10018,9,2
CLAC10018,10,4
CLAC10018,11,1
CTHM10027,0,3
CTHM10027,1,3
CTHM10027,2,3
CTHM10027,3,5
CTHM10027,4,3
CTHM10027,5,4
CTHM10027,6,3
CTHM10027,7,3
CTHM10027,8,3
CTHM10027,9,3
CTHM10027,10,5
CTHM10027,11,1
CTHM10028,0,5
CTHM10028,1,5
CTHM10028,2,5
CTHM10028,3,5
CTHM10028,4,5
CTHM10028,5,5
CTHM10028,6,5
CTHM10028,7,5
CTHM10028,8,5
CTHM10028,9,5
CTHM10028,10,5
CTHM10028,11,5
CLAC10019,0,3
CLAC10019,1,5
CLAC10019,2,4
CLAC10019,3,3
CLAC10019,4,3
CLAC10019,5,5
CLAC10019,6,5
CLAC10019,7,4
CLAC10019,8,4
CLAC10019,9,2
CLAC10019,10,5
CLAC10019,11,3
CLAC10020,0,5
CLAC10020,1,5
CLAC10020,2,5
CLAC10020,3,4
CLAC10020,4,5
CLAC10020,5,5
CLAC10020,6,5
CLAC10020,7,2
CLAC10020,8,5
CLAC10020,9,5
CLAC10020,10,1
CLAC10020,11,1
CTHM10029,0,4
CTHM10029,1,4
CTHM10029,2,4
CTHM10029,3,2
CTHM10029,4,4
CTHM10029,5,4
CTHM10029,6,4
CTHM10029,7,3
CTHM10029,8,4
CTHM10029,9,4
CTHM10029,10,4
CTHM10029,11,2
CLAC20025,0,4
CLAC20025,1,5
CLAC20025,2,4
CLAC20025,3,3
CLAC20025,4,4
CLAC20025,5,5
CLAC20025,6,4
CLAC20025,7,3
CLAC20025,8,4
CLAC20025,9,4
CLAC20025,10,5
CLAC20025,11,1
CTHM10030,0,3
CTHM10030,1,3
CTHM10030,2,3
CTHM10030,3,3
CTHM10030,4,4
CTHM10030,5,4
CTHM10030,6,4
CTHM10030,7,3
CTHM10030,8,3
CTHM10030,9,4
CTHM10030,10,3
CTHM10030,11,3
CLAC20026,0,4
CLAC20026,1,4
CLAC20026,2,5
CLAC20026,3,5
CLAC20026,4,4
CLAC20026,5,5
CLAC20026,6,4
CLAC20026,7,3
CLAC20026,8,4
CLAC20026,9,3
CLAC20026,10,3
CLAC20026,11,5
CTHM10031,0,5
CTHM10031,1,4
CTHM10031,2,5
CTHM10031,3,4
CTHM10031,4,5
CTHM10031,5,4
CTHM10031,6,5
CTHM10031,7,4
CTHM10031,8,5
CTHM10031,9,4
CTHM10031,10,5
CTHM10031,11,4
CTHM10032,0,5
CTHM10032,1,3
CTHM10032,2,4
CTHM10032,3,4
CTHM10032,4,3
CTHM10032,5,4
CTHM10032,6,5
CTHM10032,7,4
CTHM10032,8,5
CTHM10032,9,4
CTHM10032,10,3
CTHM10032,11,2
CLAC20027,0,5
CLAC20027,1,5
CLAC20027,2,5
CLAC20027,3,5
CLAC20027,4,5
CLAC20027,5,5
CLAC20027,6,5
CLAC20027,7,5
CLAC20027,8,5
CLAC20027,9,5
CLAC20027,10,5
CLAC20027,11,1
CLAC20028,0,4
CLAC20028,1,3
CLAC20028,2,5
CLAC20028,3,3
CLAC20028,4,4
CLAC20028,5,5
CLAC20028,6,2
CLAC20028,7,4
CLAC20028,8,5
CLAC20028,9,1
CLAC20028,10,5
CLAC20028,11,2
CTHM10033,0,5
CTHM10033,1,4
CTHM10033,2,5
CTHM10033,3,4
CTHM10033,4,5
CTHM10033,5,5
CTHM10033,6,5
CTHM10033,7,5
CTHM10033,8,5
CTHM10033,9,5
CTHM10033,10,5
CTHM10033,11,5
CLAC20029,0,2
CLAC20029,1,3
CLAC20029,2,4
CLAC20029,3,3
CLAC20029,4,3
CLAC20029,5,3
CLAC20029,6,3
CLAC20029,7,3
CLAC20029,8,3
CLAC20029,9,3
CLAC20029,10,2
CLAC20029,11,4
CTHM10034,0,5
CTHM10034,1,3
CTHM10034,2,3
CTHM10034,3,3
CTHM10034,4,3
CTHM10034,5,5
CTHM10034,6,5
CTHM10034,7,3
CTHM10034,8,4
CTHM10034,9,3
CTHM10034,10,3
CTHM10034,11,3
CLAC30016,0,4
CLAC30016,1,4
CLAC30016,2,3
CLAC30016,3,4
CLAC30016,4,3
CLAC30016,5,4
CLAC30016,6,4
CLAC30016,7,3
CLAC30016,8,4
CLAC30016,9,4
CLAC30016,10,3
CLAC30016,11,2
CLAC30017,0,5
CLAC30017,1,4
CLAC30017,2,5
CLAC30017,3,3
CLAC30017,4,5
CLAC30017,5,4
CLAC30017,6,5
CLAC30017,7,4
CLAC30017,8,5
CLAC30017,9,4
CLAC30017,10,4
CLAC30017,11,2
CTHM10035,0,5
CTHM10035,1,3
CTHM10035,2,4
CTHM10035,3,4
CTHM10035,4,5
CTHM10035,5,5
CTHM10035,6,5
CTHM10035,7,4
CTHM10035,8,5
CTHM10035,9,5
CTHM10035,10,2
CTHM10035,11,3
CLAC30018,0,5
CLAC30018,1,4
CLAC30018,2,4
CLAC30018,3,3
CLAC30018,4,4
CLAC30018,5,5
CLAC30018,6,5
CLAC30018,7,4
CLAC30018,8,5
CLAC30018,9,5
CLAC30018,10,3
CLAC30018,11,3
CTHM10036,0,5
CTHM10036,1,5
CTHM10036,2,5
CTHM10036,3,5
CTHM10036,4,5
CTHM10036,5,5
CTHM10036,6,5
CTHM10036,7,5
CTHM10036,8,5
CTHM10036,9,4
CTHM10036,10,2
CTHM10036,11,2
CTHM30025,0,5
CTHM30025,1,5
CTHM30025,2,3
CTHM30025,3,5
CTHM30025,4,3
CTHM30025,5,3
CTHM30025,6,3
CTHM30025,7,4
CTHM30025,8,4
CTHM30025,9,3
CTHM30025,10,3
CTHM30025,11,3
CLAC30019,0,5
CLAC30019,1,4
CLAC30019,2,3
CLAC30019,3,4
CLAC30019,4,5
CLAC30019,5,5
CLAC30019,6,4
CLAC30019,7,3
CLAC30019,8,5
CLAC30019,9,5
CLAC30019,10,4
CLAC30019,11,3
CTHM30026,0,5
CTHM30026,1,5
CTHM30026,2,5
CTHM30026,3,4
CTHM30026,4,5
CTHM30026,5,5
CTHM30026,6,5
CTHM30026,7,5
CTHM30026,8,5
CTHM30026,9,5
CTHM30026,10,3
CTHM30026,11,3
CLAC30020,0,4
CLAC30020,1,4
CLAC30020,2,5
CLAC30020,3,4
CLAC30020,4,4
CLAC30020,5,4
CLAC30020,6,5
CLAC30020,7,5
CLAC30020,8,5
CLAC30020,9,4
CLAC30020,10,4
CLAC30020,11,4
CLAC30021,0,5
CLAC30021,1,5
CLAC30021,2,5
CLAC30021,3,4
CLAC30021,4,5
CLAC30021,5,5
CLAC30021,6,5
CLAC30021,7,4
CLAC30021,8,5
CLAC30021,9,5
CLAC30021,10,4
CLAC30021,11,1
CTHM30027,0,4
CTHM30027,1,4
CTHM30027,2,3
CTHM30027,3,4
CTHM30027,4,4
CTHM30027,5,4
CTHM30027,6,4
CTHM30027,7,2
CTHM30027,8,3
CTHM30027,9,3
CTHM30027,10,2
CTHM30027,11,2
CLAC30022,0,5
CLAC30022,1,5
CLAC30022,2,3
CLAC30022,3,4
CLAC30022,4,4
CLAC30022,5,4
CLAC30022,6,5
CLAC30022,7,3
CLAC30022,8,5
CLAC30022,9,4
CLAC30022,10,3
CLAC30022,11,2
CLAC30023,0,5
CLAC30023,1,5
CLAC30023,2,5
CLAC30023,3,4
CLAC30023,4,5
CLAC30023,5,4
CLAC30023,6,5
CLAC30023,7,5
CLAC30023,8,5
CLAC30023,9,3
CLAC30023,10,3
CLAC30023,11,1
CTHM30028,0,3
CTHM30028,1,4
CTHM30028,2,4
CTHM30028,3,4
CTHM30028,4,4
CTHM30028,5,4
CTHM30028,6,4
CTHM30028,7,4
CTHM30028,8,3
CTHM30028,9,4
CTHM30028,10,4
CTHM30028,11,2
CLAC30024,0,5
CLAC30024,1,5
CLAC30024,2,5
CLAC30024,3,3
CLAC30024,4,5
CLAC30024,5,5
CLAC30024,6,5
CLAC30024,7,5
CLAC30024,8,5
CLAC30024,9,5
CLAC30024,10,3
CLAC30024,11,1
CTHM30029,0,5
CTHM30029,1,5
CTHM30029,2,5
CTHM30029,3,5
CTHM30029,4,5
CTHM30029,5,5
CTHM30029,6,5
CTHM30029,7,5
CTHM30029,8,5
CTHM30029,9,5
CTHM30029,10,4
CTHM30029,11,4
CLAC30025,0,5
CLAC30025,1,5
CLAC30025,2,5
CLAC30025,3,5
CLAC30025,4,5
CLAC30025,5,5
CLAC30025,6,4
CLAC30025,7,5
CLAC30025,8,5
CLAC30025,9,4
CLAC30025,10,4
CLAC30025,11,1
CTHM30030,0,4
CTHM30030,1,4
CTHM30030,2,3
CTHM30030,3,3
CTHM30030,4,4
CTHM30030,5,4
CTHM30030,6,5
CTHM30030,7,4
CTHM30030,8,5
CTHM30030,9,4
CTHM30030,10,3
CTHM30030,11,2
CTHM30031,0,4
CTHM30031,1,5
CTHM30031,2,5
CTHM30031,3,2
CTHM30031,4,5
CTHM30031,5,5
CTHM30031,6,5
CTHM30031,7,4
CTHM30031,8,5
CTHM30031,9,5
CTHM30031,10,3
CTHM30031,11,2
CLAC40015,0,3
CLAC40015,1,3
CLAC40015,2,4
CLAC40015,3,4
CLAC40015,4,4
CLAC40015,5,4
CLAC40015,6,4
CLAC40015,7,3
CLAC40015,8,3
CLAC40015,9,4
CLAC40015,10,3
CLAC40015,11,1
CTHM30032,0,3
CTHM30032,1,4
CTHM30032,2,4
CTHM30032,3,4
CTHM30032,4,5
CTHM30032,5,3
CTHM30032,6,4
CTHM30032,7,3
CTHM30032,8,5
CTHM30032,9,4
CTHM30032,10,3
CTHM30032,11,5
CTHM30033,0,4
CTHM30033,1,4
CTHM30033,2,4
CTHM30033,3,4
CTHM30033,4,4
CTHM30033,5,4
CTHM30033,6,4
CTHM30033,7,4
CTHM30033,8,4
CTHM30033,9,4
CTHM30033,10,4
CTHM30033,11,4
CTHM30034,0,3
CTHM30034,1,3
CTHM30034,2,4
CTHM30034,3,4
CTHM30034,4,5
CTHM30034,5,4
CTHM30034,6,3
CTHM30034,7,5
CTHM30034,8,5
CTHM30034,9,4
CTHM30034,10,3
CTHM30034,11,5
CTHM30035,0,1
CTHM30035,1,3
CTHM30035,2,3
CTHM30035,3,3
CTHM30035,4,3
CTHM30035,5,4
CTHM30035,6,3
CTHM30035,7,3
CTHM30035,8,3
CTHM30035,9,1
CTHM30035,10,3
CTHM30035,11,3
CTHM30036,0,4
CTHM30036,1,5
CTHM30036,2,4
CTHM30036,3,3
CTHM30036,4,3
CTHM30036,5,5
CTHM30036,6,5
CTHM30036,7,5
CTHM30036,8,5
CTHM30036,9,4
CTHM30036,10,3
CTHM30036,11,3
CTHM30037,0,4
CTHM30037,1,3
CTHM30037,2,5
CTHM30037,3,2
CTHM30037,4,3
CTHM30037,5,5
CTHM30037,6,5
CTHM30037,7,5
CTHM30037,8,3
CTHM30037,9,4
CTHM30037,10,1
CTHM30037,11,1
CTHM30038,0,4
CTHM30038,1,3
CTHM30038,2,3
CTHM30038,3,3
CTHM30038,4,3
CTHM30038,5,4
CTHM30038,6,3
CTHM30038,7,3
CTHM30038,8,3
CTHM30038,9,2
CTHM30038,10,3
CTHM30038,11,3
CTHM30039,0,5
CTHM30039,1,4
CTHM30039,2,5
CTHM30039,3,4
CTHM30039,4,5
CTHM30039,5,5
CTHM30039,6,5
CTHM30039,7,4
CTHM30039,8,5
CTHM30039,9,3
CTHM30039,10,4
CTHM30039,11,4
CTHM30040,0,3
CTHM30040,1,2
CTHM30040,2,3
CTHM30040,3,2
CTHM30040,4,4
CTHM30040,5,4
CTHM30040,6,3
CTHM30040,7,4
CTHM30040,8,4
CTHM30040,9,3
CTHM30040,10,4
CTHM30040,11,4
CTHM30041,0,2
CTHM30041,1,1
CTHM30041,2,2
CTHM30041,3,1
CTHM30041,4,1
CTHM30041,5,2
CTHM30041,6,2
CTHM30041,7,1
CTHM30041,8,1
CTHM30041,9,1
CTHM30041,10,1
CTHM30041,11,1
